{
  "appId": "com.mindtrace.app",
  "appName": "MindTrace",
  "webDir": "dist",
  "bundledWebRuntime": false,
  "server": {
    "androidScheme": "https"
  },
  "plugins": {
    "SplashScreen": {
      "launchShowDuration": 2000,
      "backgroundColor": "#1e3a8a",
      "showSpinner": false,
      "androidSplashResourceName": "splash",
      "androidScaleType": "CENTER_CROP",
      "splashFullScreen": true,
      "splashImmersive": true
    },
    "StatusBar": {
      "style": "DARK"
    },
    "Keyboard": {
      "resize": "body",
      "style": "dark",
      "resizeOnFullScreen": true
    },
    "App": {
      "launchUrl": ""
    }
  },
  "cordova": {},
  "android": {
    "buildOptions": {
      "keystorePath": "",
      "keystoreAlias": "",
      "keystorePassword": "",
      "keystoreAliasPassword": ""
    }
  },
  "ios": {
    "buildOptions": {
      "developmentTeam": "",
      "packageType": "app-store"
    }
  }
}