{
  "images" : [
    {
      "idiom" : "iphone",
      "scale" : "2x",
      "size" : "20x20",
      "filename" : "40.png"
    },
    {
      "idiom" : "iphone",
      "scale" : "3x",
      "size" : "20x20",
      "filename" : "60.png"
    },
    {
      "idiom" : "iphone",
      "scale" : "2x",
      "size" : "29x29",
      "filename" : "58.png"
    },
    {
      "idiom" : "iphone",
      "scale" : "3x",
      "size" : "29x29",
      "filename" : "87.png"
    },
    {
      "idiom" : "iphone",
      "scale" : "2x",
      "size" : "40x40",
      "filename" : "80.png"
    },
    {
      "idiom" : "iphone",
      "scale" : "3x",
      "size" : "40x40",
      "filename" : "120.png"
    },
    {
      "idiom" : "iphone",
      "scale" : "2x",
      "size" : "60x60",
      "filename" : "120.png"
    },
    {
      "idiom" : "iphone",
      "scale" : "3x",
      "size" : "60x60",
      "filename" : "180.png"
    },
    {
      "idiom" : "ipad",
      "scale" : "1x",
      "size" : "20x20",
      "filename" : "20.png"
    },
    {
      "idiom" : "ipad",
      "scale" : "2x",
      "size" : "20x20",
      "filename" : "40.png"
    },
    {
      "idiom" : "ipad",
      "scale" : "1x",
      "size" : "29x29",
      "filename" : "29.png"
    },
    {
      "idiom" : "ipad",
      "scale" : "2x",
      "size" : "29x29",
      "filename" : "58.png"
    },
    {
      "idiom" : "ipad",
      "scale" : "1x",
      "size" : "40x40",
      "filename" : "40.png"
    },
    {
      "idiom" : "ipad",
      "scale" : "2x",
      "size" : "40x40",
      "filename" : "80.png"
    },
    {
      "idiom" : "ipad",
      "scale" : "1x",
      "size" : "76x76",
      "filename" : "76.png"
    },
    {
      "idiom" : "ipad",
      "scale" : "2x",
      "size" : "76x76",
      "filename" : "152.png"
    },
    {
      "idiom" : "ipad",
      "scale" : "2x",
      "size" : "83.5x83.5",
      "filename" : "167.png"
    },
    {
      "idiom" : "ios-marketing",
      "scale" : "1x",
      "size" : "1024x1024",
      "filename" : "1024.png"
    }
  ],
  "info" : {
    "version" : 1,
    "author" : "xcode"
  }
}